	depth	depth_group_50	depth_group_100	depth_zone	true_lat	region	sal	temp
PSE_93_05M	5.3	0-50	0-100	EPI	S_ITCZ	POS	34.0-34.5	18-20.9
ANE_151_05M	5.4	0-50	0-100	EPI	N_ITCZ	AON	36.0-36.5	15-17.9
ANE_152_05M	5.4	0-50	0-100	EPI	N_ITCZ	AON	36.0-36.5	12-14.9
ANW_141_05M	5.4	0-50	0-100	EPI	N_ITCZ	AON	34.0-34.5	27-29.9
ANW_142_05M	5.4	0-50	0-100	EPI	N_ITCZ	AON	36.0-36.5	24-26.9
ASE_66_05M	5.4	0-50	0-100	EPI	S_ITCZ	AOS	35.0-35.5	15-17.9
ASE_68_05M	5.4	0-50	0-100	EPI	S_ITCZ	AOS	35.5-36.0	15-17.9
ASE_70_05M	5.4	0-50	0-100	EPI	S_ITCZ	AOS	36.0-36.5	18-20.9
ION_42_05M	5.4	0-50	0-100	EPI	N_ITCZ	ION	34.5-35.0	30-33.0
ION_48_05M	5.4	0-50	0-100	EPI	S_ITCZ	IOS	34.0-34.5	27-29.9
IOS_62_05M	5.4	0-50	0-100	EPI	S_ITCZ	IOS	35.0-35.5	24-26.9
MED_18_05M	5.4	0-50	0-100	EPI	N_ITCZ	MED	37.5-38.0	21-23.9
MED_30_05M	5.4	0-50	0-100	EPI	N_ITCZ	MED	39.0-39.5	18-20.9
PON_137_05M	5.4	0-50	0-100	EPI	N_ITCZ	PON	33.5-34.0	24-26.9
PON_138_05M	5.4	0-50	0-100	EPI	N_ITCZ	PON	33.0-33.5	24-26.9
PON_140_05M	5.4	0-50	0-100	EPI	N_ITCZ	PON	28.5-39.0	24-26.9
PSE_94_05M	5.4	0-50	0-100	EPI	S_ITCZ	POS	34.5-35.0	21-23.9
PSE_99_05M	5.4	0-50	0-100	EPI	S_ITCZ	POS	36.0-36.5	21-23.9
PSE_109_05M	5.4	0-50	0-100	EPI	S_ITCZ	POS	33.0-33.5	27-29.9
PSW_112_05M	5.4	0-50	0-100	EPI	S_ITCZ	POS	36.0-36.5	24-26.9
PSW_128_05M	5.4	0-50	0-100	EPI	S_ITCZ	POS	35.0-35.5	24-26.9
RED_31_05M	5.4	0-50	0-100	EPI	N_ITCZ	RED	39.5-40	24-26.9
RED_32_05M	5.4	0-50	0-100	EPI	N_ITCZ	RED	39.5-40	24-26.9
RED_33_05M	5.4	0-50	0-100	EPI	N_ITCZ	RED	38.5-39.0	27-29.9
RED_34_05M	5.4	0-50	0-100	EPI	N_ITCZ	RED	38.5-39.0	27-29.9
ANE_150_05M	5.5	0-50	0-100	EPI	N_ITCZ	AON	36.0-36.5	15-17.9
ANW_145_05M	5.5	0-50	0-100	EPI	N_ITCZ	AON	35.0-35.5	12-14.9
ANW_149_05M	5.5	0-50	0-100	EPI	N_ITCZ	AON	36.0-36.5	18-20.9
ASE_67_05M	5.5	0-50	0-100	EPI	S_ITCZ	AOS	34.5-35.0	12-14.9
ASW_76_05M	5.5	0-50	0-100	EPI	S_ITCZ	AOS	37.0-37.5	21-23.9
ASW_82_05M	5.5	0-50	0-100	EPI	S_ITCZ	AOS	34.0-34.5	6.0-8.9
ION_36_05M	5.5	0-50	0-100	EPI	N_ITCZ	ION	36.0-36.5	24-26.9
ION_38_05M	5.5	0-50	0-100	EPI	N_ITCZ	ION	36.5-37.0	24-26.9
ION_41_05M	5.5	0-50	0-100	EPI	N_ITCZ	ION	36.0-36.5	27-29.9
ION_45_05M	5.5	0-50	0-100	EPI	S_ITCZ	IOS	35.0-35.5	30-33.0
IOS_52_05M	5.5	0-50	0-100	EPI	S_ITCZ	IOS	34.5-35.0	27-29.9
IOS_56_05M	5.5	0-50	0-100	EPI	S_ITCZ	IOS	35.0-35.5	27-29.9
IOS_64_05M	5.5	0-50	0-100	EPI	S_ITCZ	IOS	35.0-35.5	21-23.9
MED_23_05M	5.5	0-50	0-100	EPI	N_ITCZ	MED	38.0-38.5	15-17.9
MED_25_05M	5.5	0-50	0-100	EPI	N_ITCZ	MED	38.0-38.5	18-20.9
PON_132_05M	5.5	0-50	0-100	EPI	N_ITCZ	PON	35.0-35.5	24-26.9
PON_133_05M	5.5	0-50	0-100	EPI	N_ITCZ	PON	33.0-33.5	18-20.9
PSE_96_05M	5.5	0-50	0-100	EPI	S_ITCZ	POS	35.5-36.0	21-23.9
PSE_100_05M	5.5	0-50	0-100	EPI	S_ITCZ	POS	35.5-36.0	24-26.9
PSE_102_05M	5.5	0-50	0-100	EPI	S_ITCZ	POS	34.5-35.0	24-26.9
PSE_110_05M	5.5	0-50	0-100	EPI	S_ITCZ	POS	35.0-35.5	21-23.9
PSW_123_05M	5.5	0-50	0-100	EPI	S_ITCZ	POS	35.0-35.5	24-26.9
PSW_125_05M	5.5	0-50	0-100	EPI	S_ITCZ	POS	35.0-35.5	24-26.9
ASW_78_05M	5.6	0-50	0-100	EPI	S_ITCZ	AOS	36.0-36.5	18-20.9
IOS_57_05M	5.6	0-50	0-100	EPI	S_ITCZ	IOS	35.0-35.5	27-29.9
PSE_98_05M	5.6	0-50	0-100	EPI	S_ITCZ	POS	36.0-36.5	24-26.9
ASW_72_05M	5.8	0-50	0-100	EPI	S_ITCZ	AOS	36.0-36.5	24-26.9
IOS_65_05M	5.9	0-50	0-100	EPI	S_ITCZ	IOS	35.0-35.5	21-23.9
PSE_111_05M	5.9	0-50	0-100	EPI	S_ITCZ	POS	36.0-36.5	21-23.9
PSW_122_05M	5.9	0-50	0-100	EPI	S_ITCZ	POS	35.0-35.5	24-26.9
SOC_84_05M	5.9	0-50	0-100	EPI	S_ITCZ	SOC	33.5-34.0	0-2.9
SOC_85_05M	5.9	0-50	0-100	EPI	S_ITCZ	SOC	34.0-34.5	0-2.9
S0477_6M	6	0-50	0-100	EPI	S_ITCZ	AOS	34.5-35.0	9.0-11.9
ANW_148_05M	6	0-50	0-100	EPI	N_ITCZ	AON	36.5-37.0	18-20.9
S0447_6.1M	6.1	0-50	0-100	EPI	S_ITCZ	AOS	35.0-35.5	15-17.9
S0495_6.1M	6.1	0-50	0-100	EPI	S_ITCZ	AOS	35.0-35.5	12-14.9
S0471_6.3M	6.3	0-50	0-100	EPI	S_ITCZ	AOS	34.5-35.0	9.0-11.9
S0489_6.3M	6.3	0-50	0-100	EPI	S_ITCZ	AOS	35.5-36.0	15-17.9
S0465_6.5M	6.4	0-50	0-100	EPI	S_ITCZ	AOS	34.5-35.0	9.0-11.9
S0015_8M	6.5	0-50	0-100	EPI	N_ITCZ	AON	36.5-37.0	18-20.9
S0044_8M	8	0-50	0-100	EPI	N_ITCZ	AON	32.5-33.0	27-29.9
S0168_8M	8	0-50	0-100	EPI	N_ITCZ	AON	36.5-37.0	24-26.9
S0033_9M	9	0-50	0-100	EPI	N_ITCZ	AON	32.0-32.5	27-29.9
S0039_9M	9	0-50	0-100	EPI	N_ITCZ	AON	35.5-36.0	27-29.9
S0157_9M	9	0-50	0-100	EPI	N_ITCZ	AON	35.5-36.0	15-17.9
S0187_9M	9	0-50	0-100	EPI	S_ITCZ	AOS	36.0-36.5	24-26.9
S0205_9M	9	0-50	0-100	EPI	S_ITCZ	AOS	35.5-36.0	27-29.9
S0226_9M	9	0-50	0-100	EPI	S_ITCZ	AOS	35.0-35.5	18-20.9
S0294_9M	9	0-50	0-100	EPI	N_ITCZ	AON	36.5-37.0	18-20.9
PSW_124_05M	9.9	0-50	0-100	EPI	S_ITCZ	POS	35.0-35.5	24-26.9
ANE_004_05M	10	0-50	0-100	EPI	N_ITCZ	AON	36.5-37.0	18-20.9
S0001_10M	10	0-50	0-100	EPI	N_ITCZ	AON	34.5-35.0	9.0-11.9
S0008_10M	10	0-50	0-100	EPI	N_ITCZ	AON	35.5-36.0	15-17.9
S0021_10M	10	0-50	0-100	EPI	N_ITCZ	AON	36.0-36.5	15-17.9
S0027_10M	10	0-50	0-100	EPI	N_ITCZ	AON	36.5-37.0	18-20.9
S0163_10M	10	0-50	0-100	EPI	N_ITCZ	AON	36.5-37.0	21-23.9
S0179_10M	10	0-50	0-100	EPI	S_ITCZ	AOS	35.5-36.0	21-23.9
S0184_10M	10	0-50	0-100	EPI	S_ITCZ	AOS	36.5-37.0	24-26.9
S0191_10M	10	0-50	0-100	EPI	S_ITCZ	AOS	37.0-37.5	27-29.9
S0196_10M	10	0-50	0-100	EPI	S_ITCZ	AOS	36.5-37.0	27-29.9
S0199_10M	10	0-50	0-100	EPI	S_ITCZ	AOS	36.0-36.5	27-29.9
S0202_10M	10	0-50	0-100	EPI	S_ITCZ	AOS	35.5-36.0	27-29.9
S0209_10M	10	0-50	0-100	EPI	S_ITCZ	AOS	33.0-33.5	9.0-11.9
S0214_10M	10	0-50	0-100	EPI	S_ITCZ	AOS	34.5-35.0	15-17.9
S0217_10M	10	0-50	0-100	EPI	S_ITCZ	AOS	34.5-35.0	15-17.9
S0220_10M	10	0-50	0-100	EPI	S_ITCZ	AOS	34.5-35.0	15-17.9
S0223_10M	10	0-50	0-100	EPI	S_ITCZ	AOS	34.5-35.0	21-23.9
S0459_10M	10	0-50	0-100	EPI	S_ITCZ	AOS	35.0-35.5	12-14.9
S0147_11M	11	0-50	0-100	EPI	N_ITCZ	AON	36.0-36.5	24-26.9
S0181_11M	11	0-50	0-100	EPI	S_ITCZ	AOS	35.5-36.0	24-26.9
S0211_11M	11	0-50	0-100	EPI	S_ITCZ	AOS	34.0-34.5	9.0-11.9
S0229_11M	11	0-50	0-100	EPI	S_ITCZ	AOS	35.5-36.0	21-23.9
ANW_146_05M	11.7	0-50	0-100	EPI	N_ITCZ	AON	36.0-36.5	18-20.9
S0152_12M	12	0-50	0-100	EPI	N_ITCZ	AON	36.0-36.5	27-29.9
S0273_13.8M	13.8	0-50	0-100	EPI	S_ITCZ	POS	35.5-36.0	21-23.9
S0253_14M	14	0-50	0-100	EPI	S_ITCZ	POS	35.0-35.5	18-20.9
S0350_14M	14	0-50	0-100	EPI	S_ITCZ	POS	35.0-35.5	18-20.9
S0367_14M	14	0-50	0-100	EPI	S_ITCZ	POS	35.0-35.5	18-20.9
S0283_14.9M	14.9	0-50	0-100	EPI	S_ITCZ	POS	35.5-36.0	18-20.9
S0291_14.9M	14.9	0-50	0-100	EPI	S_ITCZ	POS	35.5-36.0	21-23.9
S0261_15M	15	0-50	0-100	EPI	S_ITCZ	POS	35.0-35.5	18-20.9
S0299_15M	15	0-50	0-100	EPI	S_ITCZ	POS	35.5-36.0	21-23.9
S0345_15M	15	0-50	0-100	EPI	S_ITCZ	POS	35.0-35.5	18-20.9
S0355_15M	15	0-50	0-100	EPI	S_ITCZ	POS	35.0-35.5	18-20.9
S0363_15M	15	0-50	0-100	EPI	S_ITCZ	POS	35.0-35.5	18-20.9
S0377_15M	15	0-50	0-100	EPI	S_ITCZ	POS	35.0-35.5	18-20.9
S0379_15M	15	0-50	0-100	EPI	S_ITCZ	POS	35.0-35.5	18-20.9
S0389_15M	15	0-50	0-100	EPI	S_ITCZ	POS	35.0-35.5	18-20.9
S0394_15M	15	0-50	0-100	EPI	S_ITCZ	POS	35.0-35.5	18-20.9
S0399_15M	15	0-50	0-100	EPI	S_ITCZ	POS	35.5-36.0	18-20.9
S0406_15M	15	0-50	0-100	EPI	S_ITCZ	POS	35.0-35.5	18-20.9
S0411_15M	15	0-50	0-100	EPI	S_ITCZ	POS	35.0-35.5	18-20.9
S0444_15M	15	0-50	0-100	EPI	S_ITCZ	POS	35.5-36.0	18-20.9
S0278_15.1M	15.1	0-50	0-100	EPI	S_ITCZ	POS	35.5-36.0	21-23.9
S0322_15.1M	15.1	0-50	0-100	EPI	S_ITCZ	POS	35.5-36.0	18-20.9
S0415_15.2M	15.2	0-50	0-100	EPI	S_ITCZ	POS	35.5-36.0	18-20.9
S0306_15.4M	15.4	0-50	0-100	EPI	S_ITCZ	POS	35.5-36.0	21-23.9
S0263_15.5M	15.5	0-50	0-100	EPI	S_ITCZ	POS	35.5-36.0	21-23.9
S0301_15.5M	15.5	0-50	0-100	EPI	S_ITCZ	POS	35.5-36.0	21-23.9
S0316_15.5M	15.5	0-50	0-100	EPI	S_ITCZ	POS	35.0-35.5	18-20.9
S0311_15.6M	15.6	0-50	0-100	EPI	S_ITCZ	POS	35.5-36.0	21-23.9
S0420_15.6M	15.6	0-50	0-100	EPI	S_ITCZ	POS	35.5-36.0	18-20.9
S0372_16M	16	0-50	0-100	EPI	S_ITCZ	POS	35.0-35.5	18-20.9
S0384_16M	16	0-50	0-100	EPI	S_ITCZ	POS	35.0-35.5	18-20.9
S0426_16M	16	0-50	0-100	EPI	S_ITCZ	POS	35.5-36.0	18-20.9
S0431_16M	16	0-50	0-100	EPI	S_ITCZ	POS	35.5-36.0	18-20.9
S0268_16.1M	16.1	0-50	0-100	EPI	S_ITCZ	POS	35.5-36.0	21-23.9
S0337_17M	17	0-50	0-100	EPI	S_ITCZ	POS	35.0-35.5	18-20.9
S0439_17M	17	0-50	0-100	EPI	S_ITCZ	POS	35.5-36.0	18-20.9
ION_36_17M	17.4	0-50	0-100	EPI	N_ITCZ	ION	36.0-36.5	24-26.9
S0448_21.1M	21.1	0-50	0-100	EPI	S_ITCZ	AOS	35.0-35.5	15-17.9
S0460_21.1M	21.1	0-50	0-100	EPI	S_ITCZ	AOS	35.0-35.5	12-14.9
S0490_21.1M	21.1	0-50	0-100	EPI	S_ITCZ	AOS	35.5-36.0	15-17.9
S0466_21.4M	21.4	0-50	0-100	EPI	S_ITCZ	AOS	34.5-35.0	9.0-11.9
S0478_21.4M	21.4	0-50	0-100	EPI	S_ITCZ	AOS	34.5-35.0	9.0-11.9
S0496_21.4M	21.4	0-50	0-100	EPI	S_ITCZ	AOS	35.0-35.5	12-14.9
S0472_21.6M	21.6	0-50	0-100	EPI	S_ITCZ	AOS	34.5-35.0	9.0-11.9
ION_39_25M	25.3	0-50	0-100	EPI	N_ITCZ	ION	36.0-36.5	24-26.9
S0378_28M	28	0-50	0-100	EPI	S_ITCZ	POS	35.0-35.5	24-26.9
S0064_28.4M	28.4	0-50	0-100	EPI	N_ITCZ	AON	36.0-36.5	18-20.9
S0317_28.4M	28.4	0-50	0-100	EPI	S_ITCZ	POS	35.0-35.5	24-26.9
ASE_66_30M	30	0-50	0-100	EPI	S_ITCZ	AOS	35.0-35.5	15-17.9
S0284_29.3M	29.3	0-50	0-100	EPI	S_ITCZ	POS	35.5-36.0	18-20.9
S0421_29.5M	29.5	0-50	0-100	EPI	S_ITCZ	POS	35.5-36.0	18-20.9
PSE_109_30M	29.5	0-50	0-100	EPI	S_ITCZ	POS	34.0-34.5	24-26.9
S0269_29.9M	29.9	0-50	0-100	EPI	S_ITCZ	POS	35.5-36.0	21-23.9
S0262_30M	29.9	0-50	0-100	EPI	S_ITCZ	POS	35.0-35.5	18-20.9
S0264_30M	30	0-50	0-100	EPI	S_ITCZ	POS	35.5-36.0	21-23.9
S0351_30M	30	0-50	0-100	EPI	S_ITCZ	POS	35.0-35.5	18-20.9
S0373_30M	30	0-50	0-100	EPI	S_ITCZ	POS	35.0-35.5	18-20.9
S0385_30M	30	0-50	0-100	EPI	S_ITCZ	POS	35.0-35.5	18-20.9
S0390_30M	30	0-50	0-100	EPI	S_ITCZ	POS	35.0-35.5	18-20.9
S0407_30M	30	0-50	0-100	EPI	S_ITCZ	POS	35.0-35.5	18-20.9
S0412_30M	30	0-50	0-100	EPI	S_ITCZ	POS	35.0-35.5	18-20.9
S0416_30M	30	0-50	0-100	EPI	S_ITCZ	POS	35.5-36.0	18-20.9
S0445_30M	30	0-50	0-100	EPI	S_ITCZ	POS	35.5-36.0	18-20.9
S0292_30.1M	30.1	0-50	0-100	EPI	S_ITCZ	POS	35.5-36.0	21-23.9
S0114_30.2M	30.2	0-50	0-100	EPI	N_ITCZ	AON	34.5-35.0	18-20.9
S0312_30.6M	30.6	0-50	0-100	EPI	S_ITCZ	POS	35.5-36.0	21-23.9
S0279_30.7M	30.7	0-50	0-100	EPI	S_ITCZ	POS	35.5-36.0	21-23.9
S0274_30.8M	30.8	0-50	0-100	EPI	S_ITCZ	POS	35.5-36.0	21-23.9
S0302_30.8M	30.8	0-50	0-100	EPI	S_ITCZ	POS	35.5-36.0	21-23.9
S0307_30.9M	30.9	0-50	0-100	EPI	S_ITCZ	POS	35.5-36.0	21-23.9
S0323_30.9M	30.9	0-50	0-100	EPI	S_ITCZ	POS	35.5-36.0	18-20.9
S0254_31M	31	0-50	0-100	EPI	S_ITCZ	POS	35.0-35.5	18-20.9
S0338_31M	31	0-50	0-100	EPI	S_ITCZ	POS	35.0-35.5	18-20.9
S0346_31M	31	0-50	0-100	EPI	S_ITCZ	POS	35.0-35.5	18-20.9
S0368_31M	31	0-50	0-100	EPI	S_ITCZ	POS	35.0-35.5	18-20.9
S0449_31.2M	31.2	0-50	0-100	EPI	S_ITCZ	AOS	35.0-35.5	15-17.9
S0049_31.3M	31.3	0-50	0-100	EPI	N_ITCZ	AON	36.0-36.5	21-23.9
S0244_31.8M	31.8	0-50	0-100	EPI	N_ITCZ	AON	36.5-37.0	24-26.9
S0356_32M	32	0-50	0-100	EPI	S_ITCZ	POS	35.0-35.5	18-20.9
S0395_32M	32	0-50	0-100	EPI	S_ITCZ	POS	35.0-35.5	18-20.9
S0400_32M	32	0-50	0-100	EPI	S_ITCZ	POS	35.5-36.0	18-20.9
S0427_32M	32	0-50	0-100	EPI	S_ITCZ	POS	35.5-36.0	18-20.9
S0432_32M	32	0-50	0-100	EPI	S_ITCZ	POS	35.5-36.0	18-20.9
S0440_32M	32	0-50	0-100	EPI	S_ITCZ	POS	35.5-36.0	18-20.9
S0380_33M	33	0-50	0-100	EPI	S_ITCZ	POS	35.0-35.5	18-20.9
S0231_33.2M	33.2	0-50	0-100	EPI	N_ITCZ	AON	36.5-37.0	24-26.9
PSE_93_35M	33.8	0-50	0-100	EPI	S_ITCZ	POS	34.0-34.5	15-17.9
ANE_004_40M	38.7	0-50	0-100	EPI	N_ITCZ	AON	36.5-37.0	15-17.9
S0057_38.9M	38.9	0-50	0-100	EPI	N_ITCZ	AON	37.5-38.0	24-26.9
S0122_39.4M	39.4	0-50	0-100	EPI	N_ITCZ	AON	36.0-36.5	21-23.9
S0130_39.6M	39.6	0-50	0-100	EPI	N_ITCZ	AON	35.5-36.0	21-23.9
S0090_39.7M	39.7	0-50	0-100	EPI	N_ITCZ	AON	37.0-37.5	24-26.9
ANE_150_40M	39.8	0-50	0-100	EPI	N_ITCZ	AON	36.0-36.5	15-17.9
S0105_40.1M	40.1	0-50	0-100	EPI	N_ITCZ	AON	36.5-37.0	24-26.9
ASE_68_50M	40.3	0-50	0-100	EPI	S_ITCZ	AOS	35.5-36.0	15-17.9
S0491_40.7M	40.7	0-50	0-100	EPI	S_ITCZ	AOS	35.0-35.5	15-17.9
S0450_40.8M	40.8	0-50	0-100	EPI	S_ITCZ	AOS	35.0-35.5	15-17.9
PSW_128_40M	41.3	0-50	0-100	EPI	S_ITCZ	POS	35.0-35.5	24-26.9
ASW_82_40M	41.7	0-50	0-100	EPI	S_ITCZ	AOS	34.0-34.5	6.0-8.9
S0082_41.8M	41.8	0-50	0-100	EPI	N_ITCZ	AON	36.5-37.0	24-26.9
S0467_42.2M	41.8	0-50	0-100	EPI	S_ITCZ	AOS	34.5-35.0	9.0-11.9
PON_137_40M	42.2	0-50	0-100	EPI	N_ITCZ	PON	34.0-34.5	18-20.9
PSE_102_40M	44.2	0-50	0-100	EPI	S_ITCZ	POS	34.5-35.0	18-20.9
PON_133_45M	45.7	0-50	0-100	EPI	N_ITCZ	PON	33.0-33.5	12-14.9
S0374_48M	47.2	0-50	0-100	EPI	S_ITCZ	POS	35.0-35.5	18-20.9
S0098_48.1M	48	0-50	0-100	EPI	N_ITCZ	AON	36.5-37.0	24-26.9
S0318_48.6M	48.1	0-50	0-100	EPI	S_ITCZ	POS	35.0-35.5	18-20.9
PSE_110_50M	48.6	0-50	0-100	EPI	S_ITCZ	POS	35.0-35.5	21-23.9
S0285_48.9M	48.7	0-50	0-100	EPI	S_ITCZ	POS	35.0-35.5	18-20.9
S0009_49M	48.9	0-50	0-100	EPI	N_ITCZ	AON	36.0-36.5	15-17.9
S0177_49M	49	0-50	0-100	EPI	S_ITCZ	AOS	35.5-36.0	21-23.9
S0188_49M	49	0-50	0-100	EPI	S_ITCZ	AOS	36.5-37.0	24-26.9
S0190_49M	49	0-50	0-100	EPI	S_ITCZ	AOS	37.0-37.5	27-29.9
S0192_49M	49	0-50	0-100	EPI	S_ITCZ	AOS	37.0-37.5	27-29.9
S0210_49M	49	0-50	0-100	EPI	S_ITCZ	AOS	33.0-33.5	9.0-11.9
S0342_49M	49	0-50	0-100	EPI	S_ITCZ	POS	35.0-35.5	18-20.9
S0396_49M	49	0-50	0-100	EPI	S_ITCZ	POS	35.0-35.5	18-20.9
S0401_49M	49	0-50	0-100	EPI	S_ITCZ	POS	35.5-36.0	18-20.9
S0300_49.8M	49.8	0-50	0-100	EPI	S_ITCZ	POS	35.5-36.0	21-23.9
S0324_49.8M	49.8	0-50	0-100	EPI	S_ITCZ	POS	35.5-36.0	18-20.9
S0002_50M	50	0-50	0-100	EPI	N_ITCZ	AON	35.0-35.5	9.0-11.9
S0016_50M	50	0-50	0-100	EPI	N_ITCZ	AON	36.5-37.0	18-20.9
S0028_50M	50	0-50	0-100	EPI	N_ITCZ	AON	36.5-37.0	18-20.9
S0138_50M	50	0-50	0-100	EPI	N_ITCZ	AON	37.0-37.5	24-26.9
S0158_50M	50	0-50	0-100	EPI	N_ITCZ	AON	35.5-36.0	15-17.9
S0182_50M	50	0-50	0-100	EPI	S_ITCZ	AOS	35.5-36.0	18-20.9
S0185_50M	50	0-50	0-100	EPI	S_ITCZ	AOS	36.5-37.0	21-23.9
S0197_50M	50	0-50	0-100	EPI	S_ITCZ	AOS	36.5-37.0	27-29.9
S0200_50M	50	0-50	0-100	EPI	S_ITCZ	AOS	36.0-36.5	27-29.9
S0221_50M	50	0-50	0-100	EPI	S_ITCZ	AOS	34.5-35.0	12-14.9
S0224_50M	50	0-50	0-100	EPI	S_ITCZ	AOS	35.0-35.5	18-20.9
S0227_50M	50	0-50	0-100	EPI	S_ITCZ	AOS	35.5-36.0	18-20.9
S0331_50M	50	0-50	0-100	EPI	S_ITCZ	POS	35.0-35.5	18-20.9
S0381_50M	50	0-50	0-100	EPI	S_ITCZ	POS	35.0-35.5	18-20.9
S0391_50M	50	0-50	0-100	EPI	S_ITCZ	POS	35.0-35.5	18-20.9
S0413_50M	50	0-50	0-100	EPI	S_ITCZ	POS	35.0-35.5	18-20.9
S0446_50M	50	0-50	0-100	EPI	S_ITCZ	POS	35.5-36.0	18-20.9
S0461_50.2M	50.2	0-50	0-100	EPI	S_ITCZ	AOS	34.5-35.0	12-14.9
S0313_50.3M	50.3	0-50	0-100	EPI	S_ITCZ	POS	35.5-36.0	21-23.9
S0245_50.4M	50.4	0-50	0-100	EPI	N_ITCZ	AON	36.5-37.0	21-23.9
S0280_50.4M	50.4	0-50	0-100	EPI	S_ITCZ	POS	35.5-36.0	21-23.9
S0293_50.4M	50.4	0-50	0-100	EPI	S_ITCZ	POS	35.5-36.0	21-23.9
S0265_50.6M	50.6	0-50	0-100	EPI	S_ITCZ	POS	35.5-36.0	21-23.9
S0308_50.6M	50.6	0-50	0-100	EPI	S_ITCZ	POS	35.5-36.0	21-23.9
S0479_50.9M	50.9	0-50	0-100	EPI	S_ITCZ	AOS	34.5-35.0	9.0-11.9
S0212_51M	51	51-100	0-100	EPI	S_ITCZ	AOS	33.0-33.5	6.0-8.9
S0215_51M	51	51-100	0-100	EPI	S_ITCZ	AOS	35.0-35.5	12-14.9
S0218_51M	51	51-100	0-100	EPI	S_ITCZ	AOS	34.5-35.0	9.0-11.9
S0255_51M	51	51-100	0-100	EPI	S_ITCZ	POS	35.0-35.5	18-20.9
S0295_51M	51	51-100	0-100	EPI	N_ITCZ	AON	36.5-37.0	18-20.9
S0339_51M	51	51-100	0-100	EPI	S_ITCZ	POS	35.0-35.5	18-20.9
S0352_51M	51	51-100	0-100	EPI	S_ITCZ	POS	35.0-35.5	18-20.9
S0357_51M	51	51-100	0-100	EPI	S_ITCZ	POS	35.0-35.5	18-20.9
S0433_51M	51	51-100	0-100	EPI	S_ITCZ	POS	35.5-36.0	18-20.9
S0275_51.1M	51.1	51-100	0-100	EPI	S_ITCZ	POS	35.5-36.0	21-23.9
S0422_51.1M	51.1	51-100	0-100	EPI	S_ITCZ	POS	35.5-36.0	18-20.9
S0417_51.2M	51.1	51-100	0-100	EPI	S_ITCZ	POS	35.5-36.0	18-20.9
S0473_51.2M	51.2	51-100	0-100	EPI	S_ITCZ	AOS	34.5-35.0	9.0-11.9
S0497_51.2M	51.2	51-100	0-100	EPI	S_ITCZ	AOS	35.0-35.5	12-14.9
S0270_51.3M	51.2	51-100	0-100	EPI	S_ITCZ	POS	35.5-36.0	21-23.9
S0451_51.4M	51.3	51-100	0-100	EPI	S_ITCZ	AOS	35.0-35.5	15-17.9
MED_25_50M	51.4	51-100	0-100	EPI	N_ITCZ	MED	38.0-38.5	15-17.9
S0303_51.7M	51.7	51-100	0-100	EPI	S_ITCZ	POS	35.5-36.0	21-23.9
S0238_51.8M	51.7	51-100	0-100	EPI	N_ITCZ	AON	35.5-36.0	18-20.9
S0022_52M	51.8	51-100	0-100	EPI	N_ITCZ	AON	36.0-36.5	15-17.9
S0347_52M	52	51-100	0-100	EPI	S_ITCZ	POS	35.0-35.5	18-20.9
S0369_52M	52	51-100	0-100	EPI	S_ITCZ	POS	35.0-35.5	18-20.9
S0386_52M	52	51-100	0-100	EPI	S_ITCZ	POS	35.0-35.5	18-20.9
S0403_52M	52	51-100	0-100	EPI	S_ITCZ	POS	35.0-35.5	18-20.9
S0408_52M	52	51-100	0-100	EPI	S_ITCZ	POS	35.0-35.5	18-20.9
S0428_52M	52	51-100	0-100	EPI	S_ITCZ	POS	35.5-36.0	18-20.9
S0441_52M	52	51-100	0-100	EPI	S_ITCZ	POS	35.5-36.0	18-20.9
S0468_52.1M	52.1	51-100	0-100	EPI	S_ITCZ	AOS	34.5-35.0	9.0-11.9
PSE_100_50M	57.6	51-100	0-100	EPI	S_ITCZ	POS	35.0-35.5	18-20.9
S0232_57.7M	57.7	51-100	0-100	EPI	N_ITCZ	AON	36.5-37.0	24-26.9
S0115_57.8M	57.8	51-100	0-100	EPI	N_ITCZ	AON	35.0-35.5	18-20.9
PON_138_60M	58.1	51-100	0-100	EPI	N_ITCZ	PON	34.5-35.0	18-20.9
ION_41_60M	58.2	51-100	0-100	EPI	N_ITCZ	ION	36.0-36.5	27-29.9
S0462_59.8M	59.8	51-100	0-100	EPI	S_ITCZ	AOS	34.5-35.0	12-14.9
RED_34_60M	60.1	51-100	0-100	EPI	N_ITCZ	RED	38.5-39.0	27-29.9
S0091_60.7M	60.7	51-100	0-100	EPI	N_ITCZ	AON	37.0-37.5	24-26.9
S0452_60.9M	60.9	51-100	0-100	EPI	S_ITCZ	AOS	35.0-35.5	15-17.9
S0206_61M	61	51-100	0-100	EPI	S_ITCZ	AOS	36.5-37.0	24-26.9
S0065_61.2M	61.2	51-100	0-100	EPI	N_ITCZ	AON	36.0-36.5	24-26.9
S0480_61.4M	61.4	51-100	0-100	EPI	S_ITCZ	AOS	34.5-35.0	9.0-11.9
S0492_61.5M	61.5	51-100	0-100	EPI	S_ITCZ	AOS	35.0-35.5	12-14.9
MED_18_60M	61.6	51-100	0-100	EPI	N_ITCZ	MED	37.5-38.0	18-20.9
S0469_62M	62	51-100	0-100	EPI	S_ITCZ	AOS	34.5-35.0	9.0-11.9
IOS_64_65M	63.6	51-100	0-100	EPI	S_ITCZ	IOS	35.0-35.5	21-23.9
S0131_64.6M	64.6	51-100	0-100	EPI	N_ITCZ	AON	36.0-36.5	21-23.9
S0203_65M	65	51-100	0-100	EPI	S_ITCZ	AOS	36.0-36.5	21-23.9
S0058_65.2M	65.2	51-100	0-100	EPI	N_ITCZ	AON	37.5-38.0	24-26.9
S0123_65.6M	65.6	51-100	0-100	EPI	N_ITCZ	AON	36.0-36.5	21-23.9
S0474_66.3M	66.3	51-100	0-100	EPI	S_ITCZ	AOS	34.5-35.0	9.0-11.9
IOS_58_66M	67.1	51-100	0-100	EPI	S_ITCZ	IOS	35.0-35.5	24-26.9
S0050_68M	68	51-100	0-100	EPI	N_ITCZ	AON	36.0-36.5	21-23.9
MED_30_70M	69.1	51-100	0-100	EPI	N_ITCZ	MED	39.0-39.5	18-20.9
S0106_69.4M	69.4	51-100	0-100	EPI	N_ITCZ	AON	37.0-37.5	21-23.9
S0498_71.3M	71.3	51-100	0-100	EPI	S_ITCZ	AOS	35.0-35.5	12-14.9
S0099_71.6M	71.6	51-100	0-100	EPI	N_ITCZ	AON	36.0-36.5	18-20.9
S0246_71.9M	71.6	51-100	0-100	EPI	N_ITCZ	AON	36.5-37.0	21-23.9
S0040_72M	71.9	51-100	0-100	EPI	N_ITCZ	AON	36.0-36.5	27-29.9
S0397_72M	72	51-100	0-100	EPI	S_ITCZ	POS	35.0-35.5	18-20.9
S0233_72.9M	72	51-100	0-100	EPI	N_ITCZ	AON	36.5-37.0	21-23.9
S0010_73M	72.9	51-100	0-100	EPI	N_ITCZ	AON	36.0-36.5	12-14.9
S0392_73M	73	51-100	0-100	EPI	S_ITCZ	POS	35.0-35.5	18-20.9
S0017_74M	73	51-100	0-100	EPI	N_ITCZ	AON	36.5-37.0	18-20.9
S0271_74M	74	51-100	0-100	EPI	S_ITCZ	POS	35.5-36.0	21-23.9
S0353_74M	74	51-100	0-100	EPI	S_ITCZ	POS	35.0-35.5	18-20.9
S0418_74.1M	74.1	51-100	0-100	EPI	S_ITCZ	POS	35.5-36.0	18-20.9
S0073_74.3M	74.3	51-100	0-100	EPI	N_ITCZ	AON	37.0-37.5	21-23.9
S0139_74.5M	74.5	51-100	0-100	EPI	N_ITCZ	AON	37.0-37.5	24-26.9
S0289_74.5M	74.5	51-100	0-100	EPI	S_ITCZ	POS	35.5-36.0	21-23.9
S0314_74.5M	74.5	51-100	0-100	EPI	S_ITCZ	POS	35.5-36.0	21-23.9
S0423_74.7M	74.7	51-100	0-100	EPI	S_ITCZ	POS	35.5-36.0	18-20.9
S0276_74.8M	74.8	51-100	0-100	EPI	S_ITCZ	POS	35.5-36.0	21-23.9
S0003_75M	75	51-100	0-100	EPI	N_ITCZ	AON	35.0-35.5	9.0-11.9
S0023_75M	75	51-100	0-100	EPI	N_ITCZ	AON	36.0-36.5	15-17.9
S0034_75M	75	51-100	0-100	EPI	N_ITCZ	AON	36.0-36.5	27-29.9
S0153_75M	75	51-100	0-100	EPI	N_ITCZ	AON	36.5-37.0	21-23.9
S0159_75M	75	51-100	0-100	EPI	N_ITCZ	AON	36.0-36.5	15-17.9
S0164_75M	75	51-100	0-100	EPI	N_ITCZ	AON	36.5-37.0	18-20.9
S0332_75M	75	51-100	0-100	EPI	S_ITCZ	POS	35.0-35.5	18-20.9
S0365_75M	75	51-100	0-100	EPI	S_ITCZ	POS	35.5-36.0	18-20.9
S0382_75M	75	51-100	0-100	EPI	S_ITCZ	POS	35.0-35.5	18-20.9
S0409_75M	75	51-100	0-100	EPI	S_ITCZ	POS	35.0-35.5	18-20.9
S0429_75M	75	51-100	0-100	EPI	S_ITCZ	POS	35.5-36.0	18-20.9
S0434_75M	75	51-100	0-100	EPI	S_ITCZ	POS	35.5-36.0	18-20.9
S0059_75.1M	75.1	51-100	0-100	EPI	N_ITCZ	AON	37.5-38.0	24-26.9
S0309_75.1M	75.1	51-100	0-100	EPI	S_ITCZ	POS	35.5-36.0	18-20.9
S0325_75.1M	75.1	51-100	0-100	EPI	S_ITCZ	POS	35.5-36.0	18-20.9
S0304_75.2M	75.2	51-100	0-100	EPI	S_ITCZ	POS	35.5-36.0	21-23.9
S0281_75.4M	75.4	51-100	0-100	EPI	S_ITCZ	POS	35.5-36.0	21-23.9
S0083_75.7M	75.7	51-100	0-100	EPI	N_ITCZ	AON	36.5-37.0	24-26.9
S0045_76M	76	51-100	0-100	EPI	N_ITCZ	AON	36.5-37.0	24-26.9
S0169_76M	76	51-100	0-100	EPI	N_ITCZ	AON	36.5-37.0	21-23.9
S0256_76M	76	51-100	0-100	EPI	S_ITCZ	POS	35.0-35.5	18-20.9
S0296_76M	76	51-100	0-100	EPI	N_ITCZ	AON	36.5-37.0	18-20.9
S0319_76M	76	51-100	0-100	EPI	S_ITCZ	POS	35.5-36.0	18-20.9
S0340_76M	76	51-100	0-100	EPI	S_ITCZ	POS	35.0-35.5	18-20.9
S0343_76M	76	51-100	0-100	EPI	S_ITCZ	POS	35.0-35.5	18-20.9
S0375_76M	76	51-100	0-100	EPI	S_ITCZ	POS	35.0-35.5	18-20.9
S0387_76M	76	51-100	0-100	EPI	S_ITCZ	POS	35.0-35.5	18-20.9
S0402_76M	76	51-100	0-100	EPI	S_ITCZ	POS	35.5-36.0	18-20.9
S0414_76M	76	51-100	0-100	EPI	S_ITCZ	POS	35.0-35.5	18-20.9
S0442_76M	76	51-100	0-100	EPI	S_ITCZ	POS	35.5-36.0	18-20.9
S0481_76.2M	76.2	51-100	0-100	EPI	S_ITCZ	AOS	34.5-35.0	9.0-11.9
S0286_76.8M	76.8	51-100	0-100	EPI	S_ITCZ	POS	35.0-35.5	18-20.9
S0029_77M	77	51-100	0-100	EPI	N_ITCZ	AON	36.5-37.0	18-20.9
S0148_77M	77	51-100	0-100	EPI	N_ITCZ	AON	36.5-37.0	21-23.9
S0348_77M	77	51-100	0-100	EPI	S_ITCZ	POS	35.0-35.5	18-20.9
S0358_77M	77	51-100	0-100	EPI	S_ITCZ	POS	35.0-35.5	18-20.9
S0404_77M	77	51-100	0-100	EPI	S_ITCZ	POS	35.0-35.5	18-20.9
ANE_151_80M	77.6	51-100	0-100	EPI	N_ITCZ	AON	36.0-36.5	15-17.9
S0266_78M	78	51-100	0-100	EPI	S_ITCZ	POS	35.5-36.0	21-23.9
S0370_78M	78	51-100	0-100	EPI	S_ITCZ	POS	35.0-35.5	18-20.9
ION_42_80M	79	51-100	0-100	EPI	N_ITCZ	ION	35.0-35.5	27-29.9
IOS_52_75M	79	51-100	0-100	EPI	S_ITCZ	IOS	34.5-35.0	24-26.9
S0493_80.9M	80.9	51-100	0-100	EPI	S_ITCZ	AOS	35.0-35.5	12-14.9
S0475_81.4M	81.4	51-100	0-100	EPI	S_ITCZ	AOS	34.5-35.0	9.0-11.9
S0463_81.5M	81.5	51-100	0-100	EPI	S_ITCZ	AOS	34.5-35.0	12-14.9
S0140_84M	84	51-100	0-100	EPI	N_ITCZ	AON	37.0-37.5	21-23.9
RED_32_80M	85.5	51-100	0-100	EPI	N_ITCZ	RED	40.0-40.5	24-26.9
S0066_86.4M	86.4	51-100	0-100	EPI	N_ITCZ	AON	36.5-37.0	21-23.9
S0239_86.6M	86.6	51-100	0-100	EPI	N_ITCZ	AON	35.5-36.0	15-17.9
S0170_87M	87	51-100	0-100	EPI	N_ITCZ	AON	36.5-37.0	21-23.9
SOC_85_90M	87.4	51-100	0-100	EPI	S_ITCZ	SOC	34.0-34.5	0-2.9
PSE_111_90M	89	51-100	0-100	EPI	S_ITCZ	POS	35.5-36.0	18-20.9
S0084_89.1M	89.1	51-100	0-100	EPI	N_ITCZ	AON	36.5-37.0	21-23.9
S0116_89.2M	89.2	51-100	0-100	EPI	N_ITCZ	AON	36.0-36.5	15-17.9
S0100_89.3M	89.3	51-100	0-100	EPI	N_ITCZ	AON	36.5-37.0	18-20.9
S0132_89.6M	89.6	51-100	0-100	EPI	N_ITCZ	AON	36.0-36.5	21-23.9
S0092_89.9M	89.9	51-100	0-100	EPI	N_ITCZ	AON	37.0-37.5	21-23.9
S0124_90.8M	90.8	51-100	0-100	EPI	N_ITCZ	AON	36.0-36.5	21-23.9
S0499_91.5M	91.5	51-100	0-100	EPI	S_ITCZ	AOS	35.0-35.5	12-14.9
S0247_91.6M	91.6	51-100	0-100	EPI	N_ITCZ	AON	36.5-37.0	18-20.9
ASW_72_100M	95.4	51-100	0-100	EPI	S_ITCZ	AOS	36.5-37.0	24-26.9
S0035_99M	99	51-100	0-100	EPI	N_ITCZ	AON	36.5-37.0	24-26.9
S0107_99M	99	51-100	0-100	EPI	N_ITCZ	AON	37.0-37.5	21-23.9
S0305_99M	99	51-100	0-100	EPI	S_ITCZ	POS	35.5-36.0	21-23.9
S0074_99.7M	99.7	51-100	0-100	EPI	N_ITCZ	AON	37.0-37.5	21-23.9
S0315_99.7M	99.7	51-100	0-100	EPI	S_ITCZ	POS	35.5-36.0	18-20.9
S0419_99.8M	99.8	51-100	0-100	EPI	S_ITCZ	POS	35.5-36.0	18-20.9
S0424_99.9M	99.9	51-100	0-100	EPI	S_ITCZ	POS	35.5-36.0	18-20.9
S0011_100M	100	51-100	0-100	EPI	N_ITCZ	AON	36.0-36.5	12-14.9
S0041_100M	100	51-100	0-100	EPI	N_ITCZ	AON	36.0-36.5	24-26.9
S0154_100M	100	51-100	0-100	EPI	N_ITCZ	AON	36.5-37.0	21-23.9
S0165_100M	100	51-100	0-100	EPI	N_ITCZ	AON	36.5-37.0	18-20.9
S0257_100M	100	51-100	0-100	EPI	S_ITCZ	POS	35.0-35.5	18-20.9
S0333_100M	100	51-100	0-100	EPI	S_ITCZ	POS	35.0-35.5	18-20.9
S0359_100M	100	51-100	0-100	EPI	S_ITCZ	POS	35.0-35.5	18-20.9
S0393_100M	100	51-100	0-100	EPI	S_ITCZ	POS	35.0-35.5	18-20.9
S0287_100.3M	100.3	51-100	0-100	EPI	N_ITCZ	AON	35.5-36.0	15-17.9
S0320_100.3M	100.3	51-100	0-100	EPI	S_ITCZ	POS	35.0-35.5	15-17.9
S0326_100.3M	100.3	51-100	0-100	EPI	S_ITCZ	POS	35.0-35.5	15-17.9
S0310_100.4M	100.4	51-100	0-100	EPI	S_ITCZ	POS	35.5-36.0	18-20.9
S0282_100.5M	100.5	51-100	0-100	EPI	S_ITCZ	POS	35.5-36.0	21-23.9
S0272_100.8M	100.8	51-100	0-100	EPI	S_ITCZ	POS	35.5-36.0	21-23.9
S0290_100.9M	100.9	51-100	0-100	EPI	S_ITCZ	POS	35.5-36.0	21-23.9
S0494_100.9M	100.9	51-100	0-100	EPI	S_ITCZ	AOS	35.0-35.5	12-14.9
S0004_101M	101	101-150	101-200	EPI	N_ITCZ	AON	35.0-35.5	9.0-11.9
S0046_101M	101	101-150	101-200	EPI	N_ITCZ	AON	36.5-37.0	24-26.9
S0160_101M	101	101-150	101-200	EPI	N_ITCZ	AON	36.0-36.5	12-14.9
S0240_101M	101	101-150	101-200	EPI	N_ITCZ	AON	35.5-36.0	12-14.9
S0252_101M	101	101-150	101-200	EPI	S_ITCZ	POS	35.0-35.5	18-20.9
S0267_101M	101	101-150	101-200	EPI	S_ITCZ	POS	35.5-36.0	21-23.9
S0354_101M	101	101-150	101-200	EPI	S_ITCZ	POS	35.0-35.5	18-20.9
S0366_101M	101	101-150	101-200	EPI	S_ITCZ	POS	35.0-35.5	15-17.9
S0388_101M	101	101-150	101-200	EPI	S_ITCZ	POS	35.0-35.5	18-20.9
S0405_101M	101	101-150	101-200	EPI	S_ITCZ	POS	35.0-35.5	18-20.9
S0443_101M	101	101-150	101-200	EPI	S_ITCZ	POS	35.0-35.5	18-20.9
S0464_101M	101	101-150	101-200	EPI	S_ITCZ	AOS	34.5-35.0	9.0-11.9
S0277_101.7M	101.7	101-150	101-200	EPI	S_ITCZ	POS	35.5-36.0	18-20.9
S0470_101.9M	101.9	101-150	101-200	EPI	S_ITCZ	AOS	34.5-35.0	9.0-11.9
S0476_101.9M	101.9	101-150	101-200	EPI	S_ITCZ	AOS	34.5-35.0	9.0-11.9
S0482_101.9M	101.9	101-150	101-200	EPI	S_ITCZ	AOS	34.5-35.0	9.0-11.9
S0018_102M	101.9	101-150	101-200	EPI	N_ITCZ	AON	36.5-37.0	15-17.9
S0341_102M	102	101-150	101-200	EPI	S_ITCZ	POS	35.0-35.5	18-20.9
S0344_102M	102	101-150	101-200	EPI	S_ITCZ	POS	35.0-35.5	18-20.9
S0349_102M	102	101-150	101-200	EPI	S_ITCZ	POS	35.0-35.5	18-20.9
S0371_102M	102	101-150	101-200	EPI	S_ITCZ	POS	35.0-35.5	18-20.9
S0376_102M	102	101-150	101-200	EPI	S_ITCZ	POS	35.0-35.5	18-20.9
S0383_102M	102	101-150	101-200	EPI	S_ITCZ	POS	35.0-35.5	18-20.9
S0398_102M	102	101-150	101-200	EPI	S_ITCZ	POS	35.0-35.5	18-20.9
S0410_102M	102	101-150	101-200	EPI	S_ITCZ	POS	35.0-35.5	18-20.9
S0024_103M	102	101-150	101-200	EPI	N_ITCZ	AON	36.0-36.5	15-17.9
S0030_103M	103	101-150	101-200	EPI	N_ITCZ	AON	36.5-37.0	15-17.9
S0430_103M	103	101-150	101-200	EPI	S_ITCZ	POS	35.5-36.0	18-20.9
S0435_103M	103	101-150	101-200	EPI	S_ITCZ	POS	35.5-36.0	18-20.9
S0067_108.8M	103	101-150	101-200	EPI	N_ITCZ	AON	36.5-37.0	21-23.9
S0085_109.7M	108.8	101-150	101-200	EPI	N_ITCZ	AON	36.5-37.0	18-20.9
S0117_109.9M	109.7	101-150	101-200	EPI	N_ITCZ	AON	35.5-36.0	12-14.9
S0093_110.7M	109.9	101-150	101-200	EPI	N_ITCZ	AON	37.0-37.5	21-23.9
S0051_111.1M	110.7	101-150	101-200	EPI	N_ITCZ	AON	36.5-37.0	21-23.9
S0125_111.1M	111.1	101-150	101-200	EPI	N_ITCZ	AON	36.0-36.5	21-23.9
S0133_111.1M	111.1	101-150	101-200	EPI	N_ITCZ	AON	36.0-36.5	21-23.9
S0108_113.8M	113.8	101-150	101-200	EPI	N_ITCZ	AON	36.5-37.0	21-23.9
S0060_113.9M	113.9	101-150	101-200	EPI	N_ITCZ	AON	37.0-37.5	21-23.9
S0149_119M	119	101-150	101-200	EPI	N_ITCZ	AON	36.5-37.0	21-23.9
S0500_121.1M	121.1	101-150	101-200	EPI	S_ITCZ	AOS	35.0-35.5	12-14.9
S0141_123.8M	123.8	101-150	101-200	EPI	N_ITCZ	AON	36.5-37.0	18-20.9
S0155_127M	127	101-150	101-200	EPI	N_ITCZ	AON	36.5-37.0	21-23.9
S0109_133.7M	133.7	101-150	101-200	EPI	N_ITCZ	AON	36.5-37.0	18-20.9
S0075_134.2M	134.2	101-150	101-200	EPI	N_ITCZ	AON	36.5-37.0	18-20.9
S0101_135M	135	101-150	101-200	EPI	N_ITCZ	AON	36.0-36.5	15-17.9
S0198_135M	135	101-150	101-200	EPI	S_ITCZ	AOS	36.5-37.0	21-23.9
S0126_135.2M	135.2	101-150	101-200	EPI	N_ITCZ	AON	36.5-37.0	21-23.9
S0118_135.4M	135.4	101-150	101-200	EPI	N_ITCZ	AON	35.5-36.0	12-14.9
S0068_135.6M	135.6	101-150	101-200	EPI	N_ITCZ	AON	36.5-37.0	18-20.9
S0094_135.6M	135.6	101-150	101-200	EPI	N_ITCZ	AON	36.5-37.0	18-20.9
S0052_135.8M	135.8	101-150	101-200	EPI	N_ITCZ	AON	36.5-37.0	18-20.9
S0248_136.5M	136.5	101-150	101-200	EPI	N_ITCZ	AON	36.0-36.5	15-17.9
S0134_139.6M	139.6	101-150	101-200	EPI	N_ITCZ	AON	36.0-36.5	18-20.9
S0241_140.7M	140.7	101-150	101-200	EPI	N_ITCZ	AON	35.5-36.0	12-14.9
S0195_143M	143	101-150	101-200	EPI	S_ITCZ	AOS	36.5-37.0	21-23.9
S0228_148M	148	101-150	101-200	EPI	S_ITCZ	AOS	35.5-36.0	12-14.9
S0180_149M	149	101-150	101-200	EPI	S_ITCZ	AOS	35.5-36.0	15-17.9
S0193_149M	149	101-150	101-200	EPI	S_ITCZ	AOS	36.5-37.0	21-23.9
S0201_149M	149	101-150	101-200	EPI	S_ITCZ	AOS	35.5-36.0	15-17.9
S0204_149M	149	101-150	101-200	EPI	S_ITCZ	AOS	35.0-35.5	12-14.9
S0219_149M	149	101-150	101-200	EPI	S_ITCZ	AOS	34.0-34.5	6.0-8.9
S0225_149M	149	101-150	101-200	EPI	S_ITCZ	AOS	34.5-35.0	9.0-11.9
S0036_150M	150	101-150	101-200	EPI	N_ITCZ	AON	36.5-37.0	21-23.9
S0047_150M	150	101-150	101-200	EPI	N_ITCZ	AON	37.0-37.5	21-23.9
S0166_150M	150	101-150	101-200	EPI	N_ITCZ	AON	36.5-37.0	18-20.9
S0171_150M	150	101-150	101-200	EPI	N_ITCZ	AON	36.5-37.0	18-20.9
S0183_150M	150	101-150	101-200	EPI	S_ITCZ	AOS	35.5-36.0	15-17.9
S0189_150M	150	101-150	101-200	EPI	S_ITCZ	AOS	36.0-36.5	18-20.9
S0207_150M	150	101-150	101-200	EPI	S_ITCZ	AOS	35.0-35.5	12-14.9
S0213_150M	150	101-150	101-200	EPI	S_ITCZ	AOS	34.0-34.5	3.0-5.9
S0222_150M	150	101-150	101-200	EPI	S_ITCZ	AOS	34.5-35.0	9.0-11.9
S0019_151M	151	151-200	101-200	EPI	N_ITCZ	AON	36.5-37.0	15-17.9
S0025_151M	151	151-200	101-200	EPI	N_ITCZ	AON	36.0-36.5	15-17.9
S0042_151M	151	151-200	101-200	EPI	N_ITCZ	AON	36.5-37.0	18-20.9
S0178_151M	151	151-200	101-200	EPI	S_ITCZ	AOS	35.5-36.0	15-17.9
S0186_151M	151	151-200	101-200	EPI	S_ITCZ	AOS	36.0-36.5	18-20.9
S0216_151M	151	151-200	101-200	EPI	S_ITCZ	AOS	35.0-35.5	12-14.9
S0297_151M	151	151-200	101-200	EPI	N_ITCZ	AON	36.5-37.0	18-20.9
S0234_151.8M	151.8	151-200	101-200	EPI	N_ITCZ	AON	36.0-36.5	15-17.9
S0005_152M	152	151-200	101-200	EPI	N_ITCZ	AON	35.0-35.5	9.0-11.9
S0031_152M	152	151-200	101-200	EPI	N_ITCZ	AON	36.0-36.5	15-17.9
S0150_152M	152	151-200	101-200	EPI	N_ITCZ	AON	36.5-37.0	18-20.9
S0161_152M	152	151-200	101-200	EPI	N_ITCZ	AON	35.5-36.0	12-14.9
S0012_153M	153	151-200	101-200	EPI	N_ITCZ	AON	35.5-36.0	12-14.9
S0135_160M	160	151-200	101-200	EPI	N_ITCZ	AON	36.0-36.5	18-20.9
S0072_39.9M	180	151-200	101-200	EPI	N_ITCZ	AON	37.0-37.5	24-26.9
S0086_182.4M	182.4	151-200	101-200	EPI	N_ITCZ	AON	36.5-37.0	18-20.9
S0102_183.7M	183.7	151-200	101-200	EPI	N_ITCZ	AON	35.5-36.0	12-14.9
S0076_183.8M	183.8	151-200	101-200	EPI	N_ITCZ	AON	36.5-37.0	18-20.9
S0110_183.8M	183.8	151-200	101-200	EPI	N_ITCZ	AON	36.5-37.0	18-20.9
S0142_183.9M	183.9	151-200	101-200	EPI	N_ITCZ	AON	36.0-36.5	15-17.9
S0061_184M	184	151-200	101-200	EPI	N_ITCZ	AON	36.5-37.0	18-20.9
S0127_184.1M	184.1	151-200	101-200	EPI	N_ITCZ	AON	36.5-37.0	18-20.9
S0242_185M	185	151-200	101-200	EPI	N_ITCZ	AON	35.0-35.5	12-14.9
S0249_185.4M	185.4	151-200	101-200	EPI	N_ITCZ	AON	36.0-36.5	15-17.9
S0095_185.7M	185.7	151-200	101-200	EPI	N_ITCZ	AON	36.5-37.0	18-20.9
S0119_185.8M	185.8	151-200	101-200	EPI	N_ITCZ	AON	35.0-35.5	9.0-11.9
S0053_186.3M	186.3	151-200	101-200	EPI	N_ITCZ	AON	36.5-37.0	18-20.9
S0069_186.5M	186.5	151-200	101-200	EPI	N_ITCZ	AON	36.5-37.0	18-20.9
S0013_198M	198	151-200	101-200	EPI	N_ITCZ	AON	35.5-36.0	12-14.9
S0006_199M	199	151-200	101-200	EPI	N_ITCZ	AON	35.0-35.5	9.0-11.9
S0020_199M	199	151-200	101-200	EPI	N_ITCZ	AON	36.5-37.0	15-17.9
S0032_199M	199	151-200	101-200	EPI	N_ITCZ	AON	36.0-36.5	15-17.9
S0037_200M	200	151-200	101-200	EPI	N_ITCZ	AON	36.0-36.5	15-17.9
S0156_200M	200	151-200	101-200	EPI	N_ITCZ	AON	36.5-37.0	18-20.9
S0172_200M	200	151-200	101-200	EPI	N_ITCZ	AON	36.5-37.0	18-20.9
S0026_201M	201	201-250	201-300	MES	N_ITCZ	AON	36.0-36.5	15-17.9
S0043_201M	201	201-250	201-300	MES	N_ITCZ	AON	35.0-35.5	9.0-11.9
S0048_201M	201	201-250	201-300	MES	N_ITCZ	AON	36.5-37.0	18-20.9
S0162_201M	201	201-250	201-300	MES	N_ITCZ	AON	35.5-36.0	12-14.9
S0298_201M	201	201-250	201-300	MES	N_ITCZ	AON	36.5-37.0	18-20.9
S0360_201M	201	201-250	201-300	MES	S_ITCZ	POS	35.0-35.5	15-17.9
S0235_201.1M	201.1	201-250	201-300	MES	N_ITCZ	AON	36.0-36.5	15-17.9
S0151_202M	202	201-250	201-300	MES	N_ITCZ	AON	36.5-37.0	18-20.9
S0167_202M	202	201-250	201-300	MES	N_ITCZ	AON	36.5-37.0	18-20.9
S0258_202M	202	201-250	201-300	MES	S_ITCZ	POS	35.0-35.5	15-17.9
S0436_203M	203	201-250	201-300	MES	S_ITCZ	POS	35.0-35.5	12-14.9
S0334_204M	204	201-250	201-300	MES	S_ITCZ	POS	35.0-35.5	15-17.9
S0136_232.9M	232.9	201-250	201-300	MES	N_ITCZ	AON	36.0-36.5	15-17.9
S0062_233M	233	201-250	201-300	MES	N_ITCZ	AON	36.5-37.0	18-20.9
S0143_233.1M	233.1	201-250	201-300	MES	N_ITCZ	AON	36.0-36.5	15-17.9
S0087_233.3M	233.3	201-250	201-300	MES	N_ITCZ	AON	36.5-37.0	18-20.9
S0111_233.6M	233.6	201-250	201-300	MES	N_ITCZ	AON	36.5-37.0	18-20.9
S0077_234.1M	234.1	201-250	201-300	MES	N_ITCZ	AON	36.0-36.5	15-17.9
S0103_234.5M	234.5	201-250	201-300	MES	N_ITCZ	AON	35.5-36.0	12-14.9
S0070_234.7M	234.7	201-250	201-300	MES	N_ITCZ	AON	36.5-37.0	18-20.9
S0096_234.8M	234.8	201-250	201-300	MES	N_ITCZ	AON	36.5-37.0	15-17.9
S0128_236.7M	236.7	201-250	201-300	MES	N_ITCZ	AON	36.5-37.0	18-20.9
S0054_237.3M	237.3	201-250	201-300	MES	N_ITCZ	AON	36.5-37.0	18-20.9
S0088_281.4M	281.4	251-300	201-300	MES	N_ITCZ	AON	36.5-37.0	18-20.9
S0144_283.3M	283.3	251-300	201-300	MES	N_ITCZ	AON	35.5-36.0	12-14.9
S0063_283.9M	283.9	251-300	201-300	MES	N_ITCZ	AON	36.0-36.5	15-17.9
S0137_284.7M	284.7	251-300	201-300	MES	N_ITCZ	AON	35.5-36.0	12-14.9
S0097_284.8M	284.8	251-300	201-300	MES	N_ITCZ	AON	36.0-36.5	15-17.9
S0112_285M	285	251-300	201-300	MES	N_ITCZ	AON	36.0-36.5	15-17.9
S0129_285.3M	285.3	251-300	201-300	MES	N_ITCZ	AON	36.5-37.0	18-20.9
S0104_285.9M	285.9	251-300	201-300	MES	N_ITCZ	AON	35.5-36.0	12-14.9
S0120_285.9M	285.9	251-300	201-300	MES	N_ITCZ	AON	35.0-35.5	9.0-11.9
S0071_288.8M	288.8	251-300	201-300	MES	N_ITCZ	AON	36.0-36.5	15-17.9
S0055_291.5M	291.5	251-300	201-300	MES	N_ITCZ	AON	36.5-37.0	18-20.9
S0078_300.8M	300.8	251-300	201-300	MES	N_ITCZ	AON	36.0-36.5	15-17.9
S0236_349M	349	301-350	301-400	MES	N_ITCZ	AON	35.5-36.0	12-14.9
S0079_374.3M	374.3	351-400	301-400	MES	N_ITCZ	AON	36.0-36.5	12-14.9
S0145_389.4M	389.4	351-400	301-400	MES	N_ITCZ	AON	35.5-36.0	12-14.9
S0089_414.2M	414.2	401-450	401-500	MES	N_ITCZ	AON	36.0-36.5	15-17.9
S0080_499.6M	499.6	451-500	401-500	MES	N_ITCZ	AON	35.5-36.0	12-14.9
S0288_999.9M	999.9	950-1000	901-1000	MES	S_ITCZ	POS	34.0-34.5	3.0-5.9
S0321_1001.5M	1001.5	1001-1050	1001-1100	BAT	S_ITCZ	POS	34.0-34.5	3.0-5.9
S0425_1001.5M	1001.5	1001-1050	1001-1100	BAT	S_ITCZ	POS	34.0-34.5	3.0-5.9
S0259_1008M	1008	1001-1050	1001-1100	BAT	S_ITCZ	POS	34.0-34.5	3.0-5.9
S0361_1008M	1008	1001-1050	1001-1100	BAT	S_ITCZ	POS	34.0-34.5	3.0-5.9
S0437_1012M	1012	1001-1050	1001-1100	BAT	S_ITCZ	POS	34.0-34.5	3.0-5.9
S0335_1023M	1023	1001-1050	1001-1100	BAT	S_ITCZ	POS	34.0-34.5	3.0-5.9
S0081_1055.2M	1055.2	1051-1100	1001-1100	BAT	N_ITCZ	AON	35.0-35.5	6.0-8.9
MAL082_2150M	2150	2101-2150	2101-2200	BAT	S_ITCZ	POS	34.5-35.0	0-2.9
MAL062_2400M	2400	2351-2400	2301-2400	BAT	S_ITCZ	IOS	34.5-35.0	0-2.9
MAL121_3008M	3008	3001-3050	3001-3100	BAT	N_ITCZ	PON	34.5-35.0	0-2.9
MAL118_3103M	3103	3101-3150	3101-3200	BAT	N_ITCZ	PON	34.5-35.0	0-2.9
MAL032_3199M	3199	3151-3200	3101-3200	BAT	S_ITCZ	AOS	34.5-35.0	0-2.9
MAL053_3500M	3500	3451-3500	3401-3500	BAT	S_ITCZ	IOS	34.5-35.0	0-2.9
MAL081_3501M	3501	3501-3550	3501-3600	BAT	S_ITCZ	POS	34.5-35.0	0-2.9
MAL035_3662M	3662	3651-3700	3601-3700	BAT	S_ITCZ	AOS	34.5-35.0	0-2.9
MAL097_3818M	3818	3801-3850	3801-3900	BAT	N_ITCZ	PON	34.5-35.0	0-2.9
MAL043_3900M	3900	3851-3900	3801-3900	BAT	S_ITCZ	AOS	34.5-35.0	0-2.9
MAL026_3907M	3907	3901-3950	3901-4000	BAT	S_ITCZ	AOS	34.5-35.0	0-2.9
MAL074_3996M	3996	3951-4000	3901-4000	BAT	S_ITCZ	IOS	34.5-35.0	0-2.9
MAL059_4000M	4000	3951-4000	3901-4000	ABY	S_ITCZ	IOS	34.5-35.0	0-2.9
MAL020_4001M	4001	4001-4050	4001-4100	ABY	S_ITCZ	AOS	34.5-35.0	0-2.9
MAL041_4001M	4001	4001-4050	4001-4100	ABY	S_ITCZ	AOS	34.5-35.0	0-2.9
MAL065_4001M	4001	4001-4050	4001-4100	ABY	S_ITCZ	IOS	34.5-35.0	0-2.9
MAL077_4001M	4001	4001-4050	4001-4100	ABY	S_ITCZ	IOS	34.5-35.0	0-2.9
MAL010_4002M	4002	4001-4050	4001-4100	ABY	N_ITCZ	AON	34.5-35.0	0-2.9
MAL017_4002M	4002	4001-4050	4001-4100	ABY	S_ITCZ	AOS	34.5-35.0	0-2.9
MAL050_4002M	4002	4001-4050	4001-4100	ABY	S_ITCZ	IOS	34.5-35.0	0-2.9
MAL112_4002M	4002	4001-4050	4001-4100	ABY	N_ITCZ	PON	34.5-35.0	0-2.9
MAL146_4002M	4002	4001-4050	4001-4100	ABY	N_ITCZ	AON	34.5-35.0	0-2.9
MAL013_4003M	4003	4001-4050	4001-4100	ABY	N_ITCZ	AON	34.5-35.0	0-2.9
MAL023_4003M	4003	4001-4050	4001-4100	ABY	S_ITCZ	AOS	34.5-35.0	0-2.9
MAL131_4003M	4003	4001-4050	4001-4100	ABY	N_ITCZ	AON	34.5-35.0	0-2.9
MAL134_4003M	4003	4001-4050	4001-4100	ABY	N_ITCZ	AON	34.5-35.0	0-2.9
MAL144_4003M	4003	4001-4050	4001-4100	ABY	N_ITCZ	AON	34.5-35.0	0-2.9
MAL067_4004M	4004	4001-4050	4001-4100	ABY	S_ITCZ	IOS	34.5-35.0	0-2.9
MAL109_4004M	4004	4001-4050	4001-4100	ABY	N_ITCZ	PON	34.5-35.0	0-2.9
MAL007_4005M	4005	4001-4050	4001-4100	ABY	N_ITCZ	AON	34.5-35.0	0-2.9
MAL103_4013M	4013	4001-4050	4001-4100	ABY	N_ITCZ	PON	34.5-35.0	0-2.9
MAL091_4018M	4018	4001-4050	4001-4100	ABY	S_ITCZ	POS	34.5-35.0	0-2.9
S0438_4580M	4580	4551-4600	4501-4600	ABY	S_ITCZ	POS	34.5-35.0	0-2.9
S0362_5095M	5095	5051-5100	5001-5100	ABY	S_ITCZ	POS	34.5-35.0	0-2.9
S0336_5100M	5100	5051-5100	5001-5100	ABY	S_ITCZ	POS	34.5-35.0	0-2.9
S0260_5601M	5601	5601-5650	5601-5700	ABY	S_ITCZ	POS	34.5-35.0	0-2.9
